0.455423,-2.0487456,0.9943339,-0.21042804,-0.71425676,1.923211,-0.32733512,1.0134687,-1.4504032,-0.87125427,0.1666799,-0.7374347,1.6473916,1.065401,0.6625612,0.20788379,-1.3013961,-0.19956833,0.22052732,-1.4639453,-0.25953618,-0.09789064,2.1951923,-0.28535846,-1.0297458,-1.7018238,-0.5413739,0.4923031,0.5537458,0.52543664,1.5586554,0.6433398,0.42516378,-1.1984377,0.18443133,-0.7968913,0.7366695,-1.3164723,-0.5150533,-0.13874671,0.4951902,0.20865786,1.3881671,0.2102163,-1.0205449,0.40465906,1.4624017,0.3530252,-1.0487609,0.73548496,0.2726154,0.65547365,-0.9169345,0.713536,-0.8709769,0.4601269,-0.25975287,0.58186454,-0.5259445,0.49487653
-0.96316224,2.3739445,-0.119037084,1.0799892,-1.6823274,-0.08144923,-0.4723349,-1.1322235,-1.2597202,-0.15111463,1.8053402,-1.4534024,1.993317,0.19930173,-0.30892614,-0.021050833,-1.1500077,0.044056688,-0.26456726,-0.23158212,-0.44065925,0.58785325,0.11645748,-0.4910159,-0.2334007,-0.22669932,0.91171825,-1.8445046,-0.51091176,-0.055609446,-0.42725623,0.23201141,-0.33628416,0.90412235,-0.816713,-0.15134872,-0.6315645,-1.4425709,0.1684822,-0.4432287,1.1931787,-1.2763648,0.6547324,0.2035364,-1.9571459,-0.54786813,0.13426895,0.32583466,0.3132149,-1.5088017,-0.60986286,-0.22343856,1.3213102,1.2067624,0.1065152,0.3846838,0.79151714,1.2831924,-0.31747615,-0.51874834
-0.021672072,-1.2913743,1.1505028,-1.6474813,-0.29038918,0.44641352,-0.99304354,0.20145962,0.6780545,0.4161658,-0.02248413,-0.09564925,0.14561142,0.18491396,1.130185,0.8293251,-0.9395362,-0.01794013,1.537616,-0.49412858,-0.65914136,0.20189606,0.8043505,1.235863,-0.14629996,-0.1487462,-0.06742552,0.33804604,1.6046208,-0.7206767,0.8291334,-0.28357658,-1.2007332,-0.8480397,1.5341865,0.06532412,2.693244,-0.6994834,-0.8818622,-1.4531854,-1.5205499,0.6363587,0.35898396,-0.1401047,-1.0545073,-0.853122,1.5600652,0.66245544,-0.43695602,-0.0469082,0.2018041,-0.88203543,1.200933,-0.12184023,0.6479738,-0.62347955,-0.1838403,-2.609653,0.0073006353,-0.5244175
0.4321744,0.26388338,-0.18592554,1.4735904,0.46812618,0.49446213,0.55497074,0.60008806,-0.27792814,0.583755,0.4742183,-0.18082918,0.35681728,0.06834561,-0.20214768,-0.5816882,1.1266905,-0.10027009,-0.6988535,0.24143197,-2.338372,-1.6033982,0.69811666,-0.46094838,0.6751283,0.5797104,0.7947632,0.4235408,-0.23219948,-0.3091454,-0.2992372,-1.6738851,-0.28812936,-0.12662539,-0.620091,1.8698708,2.447118,-0.22215924,-0.280751,-0.923902,-0.2999924,0.25574708,-0.4340453,-1.2349583,-0.14028172,-0.46458006,1.2140304,-1.0172626,0.61194843,0.7513854,0.54953253,-0.14690068,-1.7705314,3.1810231,-0.01996679,-1.383657,-0.22460665,-1.358697,0.544939,-0.8531586
0.26637763,-0.6541492,-0.012494876,-0.135511,-0.109190255,1.696216,2.2392273,1.8479624,-1.3291293,0.008036878,0.9831652,0.92895895,-0.5646862,0.49864227,-0.10620495,-1.1136626,-1.5797014,-0.014332038,1.4690639,1.3914086,-0.99431604,-1.4798205,0.74832666,0.20870066,-0.27829963,1.9672503,-0.18312126,-0.054099116,0.96900606,0.9759312,-1.4523917,-1.044506,1.2493294,0.22437403,-1.0338819,-0.88746864,1.0852387,-0.52315664,-0.8080654,-0.4223465,-1.0116572,-0.35844833,0.4508104,0.958783,0.49833587,-0.96717507,0.8550182,0.6225604,-0.47719708,1.9622322,0.49155673,1.6945692,-0.8874474,1.2375138,-0.081121884,1.5805016,-0.39699996,0.031325083,-1.3593588,0.29370266
-1.6761161,1.814032,-0.64188015,-1.1181107,0.010247713,1.6603582,-0.45801526,-1.346542,-2.484924,0.18273452,-0.06970512,-0.052244622,-1.1957197,-0.02538134,-1.8175442,0.7427073,0.37024233,0.375906,0.43403417,-0.43843645,-0.04464439,0.50917774,0.19697988,-1.0377771,0.11574675,1.1057146,-0.17182215,2.3320253,0.1821452,-1.5641285,1.788332,0.66529083,-0.048967462,-0.17020705,-0.76243633,-1.0617168,0.0085158525,-0.18826368,0.14775603,-1.1906383,1.3770384,-0.04732906,1.8519521,-0.6064815,1.1749916,-0.26359203,0.25760874,0.8985601,-0.5838678,0.7554211,-1.053291,-0.5124605,0.021452054,-0.67035675,0.70145005,-0.07541549,-0.6751341,0.0128557,-0.18766834,1.0644667
-0.0049077827,-0.5367713,2.4433105,0.3239313,-0.7987776,0.67230725,-0.42951438,0.59955394,-0.93995905,-0.02286249,-1.2366323,-1.5548595,0.33507535,0.9714279,-0.6776621,0.08956083,0.7115846,-0.55591714,-0.024600273,1.2392844,-2.191107,1.0492811,0.96957916,-0.31772792,1.8461722,1.4022493,-0.660152,-0.53024995,-0.6518002,-0.8182382,-0.35545865,0.8375689,1.1827898,-0.061733373,0.30331925,-1.7354503,-0.017083172,0.7994701,-0.68132967,-0.67679286,0.72626394,-0.82959545,-0.032509457,0.18844125,-0.97730374,0.49924093,-0.12961498,1.7543083,0.69155765,0.3588728,-1.6021707,-1.1447301,0.014996082,-0.81220484,-0.828674,-0.33384067,-0.95180756,-0.4765861,1.2976935,-0.47527772
-1.049602,1.2076612,0.2858995,-0.5077784,-0.24268916,-0.62139547,-0.7425668,0.37946382,-0.3297238,-0.120592,1.0613292,0.1861251,-1.7198554,-2.0401719,-0.55821466,1.1131623,-1.0627533,0.38628554,1.2450974,-1.2051852,0.6950578,0.58993685,1.9406656,1.1433011,-0.8426856,-0.45220125,-0.37689656,1.3064039,0.3597526,-0.7681097,-0.114814356,-1.4842839,0.6440381,0.67749274,1.0658711,-0.79156363,0.4386846,0.8153011,0.2484217,2.3347633,-0.899098,0.64162683,-0.544215,2.3208911,1.0727108,-0.76036614,0.89894944,-0.4806364,0.64513344,0.304644,0.12725253,0.057858884,1.188317,1.7836566,0.7083736,1.3794878,0.66285443,-0.67628163,0.701815,-1.2411699
0.18948548,2.8038285,-2.02357,0.7434421,0.90239054,-0.36986753,-1.3915006,1.6599132,-0.601877,0.9473256,-0.5797359,0.54269713,-0.71105385,-0.6034853,2.1785192,-0.70005655,0.81766945,-1.9429476,0.22669113,0.17014232,-1.70642,-0.4627115,-0.28334665,-1.3144147,-0.4790742,0.82302064,0.025368486,-0.7260802,0.648015,-1.0384026,0.1555418,-0.5693001,0.9881042,0.51176965,-0.7047259,-0.58406645,-0.92092466,1.3278263,0.20981811,-1.2254841,-0.63753533,-0.46163946,-0.25485995,0.23932724,0.4836265,-0.21230783,2.0458367,0.010885781,0.25561526,-1.0072767,1.7514895,-0.052745964,0.74049854,-0.26114148,0.23778585,-1.6109027,-1.1011528,1.4720854,1.2235922,1.3173119
0.1996712,0.1917866,-0.4673833,0.5050254,-1.091332,1.3597847,0.45757928,0.25467324,-0.4120399,0.7554333,0.6200104,-1.3972067,2.0463684,-0.8042784,0.11548947,1.2572726,0.49805915,-0.35953787,0.7751387,-0.009645255,-1.8236997,-1.1009703,1.2348465,2.6015856,0.23264891,0.94270617,1.736077,-0.2801967,-0.9898288,-1.1473778,-0.56200594,1.593197,-0.58660686,-1.4610952,1.1572756,0.20854641,-0.47559467,-0.45409292,1.2576591,-1.3248706,1.1486516,2.8409374,-1.044503,0.11784639,-0.87238675,-1.7830279,-0.04356366,-1.2815925,0.35334224,-0.37358516,0.7709948,-1.1066394,-0.5576414,-1.1157498,1.0619915,0.30086464,-1.0430311,0.23020658,-2.4748034,1.3226098
0.24424106,1.359607,0.2558224,0.034564614,-0.4212942,-0.6657794,0.029314486,0.5305806,-0.63319993,0.47409156,-0.19243298,0.71036506,-1.1552129,0.5813744,0.85145235,0.54429215,0.28902832,1.4749733,0.97908145,-0.25558242,0.780474,-0.48267087,-0.72503465,0.9115172,0.73779726,-0.7864703,0.80732846,1.5956783,-0.20474067,1.0574284,-0.0669545,0.84392405,0.1359503,-0.67962044,-0.21275575,-0.09930152,-0.10065458,-0.044823963,1.0901341,0.613407,0.2545427,-2.25633,-0.1286968,2.4225557,-1.6751367,0.08383541,0.053219065,-0.6309958,-0.2125045,-1.6911106,-0.26636213,-1.0073229,-0.5595851,-1.1475604,1.6530386,0.24406847,-1.2579473,0.27482426,0.5417315,0.17645235
-1.3882283,0.6459654,0.6994978,-0.20316844,0.6446975,-1.1104002,-1.1838425,0.015692182,0.2629103,2.395802,-0.19859034,-0.8103878,-1.46969,1.4663546,-1.3666017,-0.84556335,-0.28151706,-0.010004334,-1.9454328,-0.46385905,-0.59722996,0.5256849,0.60883635,-0.23477718,-1.1419733,-0.83822805,0.9170421,-1.1786273,-1.0820088,0.68574023,-2.2759976,0.08454782,0.9775332,1.4385597,-0.48490644,-0.49185964,0.84157574,1.450938,1.1393168,-0.22491503,-0.84799945,-1.1452702,1.8325876,0.29639748,2.48063,-0.26607156,-1.9733284,1.3354483,-0.8715118,0.3132828,-0.2782794,-0.96340406,1.2419655,0.71276045,-1.0481896,-0.41909215,0.0057425746,1.6887435,-0.73691785,-0.9202744
0.88486624,0.29770267,-0.8428727,0.003944362,0.23109324,0.48192078,-0.20163924,1.5395359,0.41581813,0.9167473,-0.34772623,-0.29624557,-0.15906943,0.64997673,0.797891,-0.42938313,1.1604673,-0.31561947,-0.25078434,1.3898878,-0.8919915,0.9982155,-0.31065643,1.2301041,0.33160803,0.1417177,1.2163659,0.075210966,-0.13514684,-0.32540363,2.668198,-0.41005516,2.0274107,1.7589753,0.7873255,-1.2121569,-1.0419402,2.201344,-0.7561615,-1.2576442,-0.8801494,-0.6014065,0.7860106,1.2032268,0.78481394,0.33570203,0.028513778,1.0637039,-1.2613277,0.90326333,0.21964864,-0.12761459,0.105834916,0.44140264,0.35761148,0.3621277,-0.29042193,0.14461279,-1.2058897,0.01803616
-0.6337187,0.80996406,-1.1406022,-1.0945743,-0.42129543,-0.2180482,-0.16486688,-0.96125185,-0.64869845,-0.41286755,1.7081199,0.5485324,0.008377889,-0.08000219,-0.6031922,-1.8675597,2.072557,1.2479215,-0.45105192,1.1953697,0.15204969,0.36309966,-1.6554098,-0.9182479,0.44680798,1.3202765,1.7060199,0.024693128,0.7854069,0.518075,2.3772821,0.44355908,1.4511307,0.78875947,-0.6879969,0.2758937,2.2752318,-0.8463566,-1.4424303,-1.5398296,1.2777834,-0.45984557,1.3510153,-1.0718532,-0.08484923,-1.3071058,-1.0656178,-0.6947369,0.7535372,0.37981737,-0.66716874,1.8099878,0.7380539,-0.8612593,0.7198168,-1.6208355,1.2349967,1.1943673,1.5601296,1.5890309
0.07975704,0.86476153,0.9280662,1.7554276,-1.0424638,0.57929826,-0.6248594,-0.7776755,1.9719769,-1.5337924,2.066082,0.81009954,-0.08437505,0.6557572,-1.9008431,-1.2801073,-0.5213514,1.1146183,-0.110327415,0.3499451,0.37865725,1.2654852,2.4342287,-1.2006943,-0.668429,-0.30494672,-0.22622134,0.70327455,-0.58711684,-1.038004,0.8097409,0.37713295,0.1685056,-2.275295,-0.75676996,-1.0961362,2.2858784,1.0747023,1.1929249,1.8791404,0.79830664,-0.4124954,-1.8574113,0.5915519,-1.0264539,-0.6426104,-0.8175397,0.32615674,-0.8221068,-0.23525341,-1.4441248,-0.9020858,-0.9390005,0.26461667,0.46395665,1.0594908,0.269966,0.7118861,0.66128653,0.44739
0.9718939,-0.33392718,0.60257816,-0.3565504,0.86273396,-0.87887335,-0.6334575,1.2105452,0.2786805,2.8714578,-0.6979481,-1.6304941,-2.2700849,0.84108746,0.6361532,0.5484365,-0.76030713,-1.3021419,0.5625793,2.7226672,0.47895566,-0.66470754,0.20858054,-0.46295282,-0.9528674,-0.06089633,0.86822903,0.3558699,-0.93607455,1.5166762,1.0866557,-1.2688161,-0.6142762,-0.30326253,-0.25882173,-0.04570229,0.31374,0.5719163,-1.7841353,-0.59114575,0.95716006,-1.0936729,0.5777228,2.2250211,-0.7618672,2.8907986,-0.09947668,2.7405741,0.0959495,1.1489741,0.25658667,0.21946947,-0.15186664,-0.8826034,-0.16481811,0.94742227,1.39425,-0.6339102,0.5626594,0.9090019
1.1735932,0.989069,0.5315263,1.0507215,0.007173389,-1.7542484,-1.3727758,0.91997707,-0.8091767,0.38170117,-0.9989647,0.7174016,0.5368417,0.73101836,-0.82884145,-0.74472475,0.27071193,-1.0028424,-0.15987785,0.2852523,-1.9968811,-0.45213372,0.042544678,-0.3972269,0.74285996,1.9670306,-0.5968023,1.4791912,-0.9524561,0.12570362,-1.3971095,0.80077565,0.7942204,-0.65777445,-1.2638017,-0.5484177,0.05158927,0.7846056,0.57692057,0.30167556,-0.5914781,0.0029196432,0.72509104,0.066377535,1.1665927,0.9606752,-1.9376054,-0.46520612,1.7691159,0.09310519,-0.856879,-1.0874941,-1.1114872,-1.0340989,1.0669264,0.79919374,0.07777383,0.59987634,-0.7395262,-0.69160783
-0.6343992,0.9887185,-0.24734956,-0.74451923,-0.4199681,-0.258479,1.0457237,-1.10328,0.36039758,-0.5079915,0.5750419,2.1404972,0.22100641,0.34944874,-0.7026137,0.13874812,0.22414841,1.3322028,-0.84737706,-1.0399332,0.5353817,0.32638797,-0.011805641,0.45220125,-1.8723627,1.2698954,-1.3383168,0.8578666,0.831889,-0.44805247,1.9902512,-0.04867005,-0.05161221,-2.2809436,1.3779764,-0.07985918,-0.48330167,-0.23084295,-0.5680179,0.31914464,1.0799485,0.09115236,-0.27279443,0.24024335,0.37565848,0.6867985,-3.0541716,-0.8847813,-0.080627896,-0.9755267,0.90069616,2.5742574,0.5509255,0.20126507,-0.49977246,0.7872935,0.111740276,-1.6405667,-0.92104083,-0.5968757
0.76898307,0.67226404,1.9970082,1.5108365,-0.2685419,0.5924295,-1.3812661,0.36564443,-0.70930064,1.3489015,0.18988375,-0.4106621,-0.81458575,-1.4624628,0.32291552,-0.9019281,-0.040468074,1.5491405,-1.3565625,-0.8747665,0.090953425,0.52278084,-1.0227822,0.24040401,-0.5028363,-0.018537583,-1.5664358,0.8739432,0.23253386,0.112994365,0.5596913,0.92970645,0.21873546,2.236218,-0.21624427,-0.92315626,-1.9996026,0.3251153,0.35028288,-0.4285538,-0.7237545,-0.51539296,-1.1924901,0.5306224,-0.015608165,-1.6770643,-0.17964415,0.3726763,-1.8067935,-0.60435045,-1.1463249,-0.61464965,-0.8354964,-0.3573825,-1.6815674,-0.1837914,-0.68188334,-0.8436196,0.6110124,0.19570461
0.38847935,0.53278977,-0.51897866,-0.1027156,0.28963572,-1.1067191,1.4100856,1.4114025,-1.6075306,-0.31504518,1.8442806,-0.122514345,-0.08814557,-1.6663406,-2.3502538,-0.936476,-0.33180386,0.87799853,-0.5503889,-0.59703374,-0.45274016,-0.3108903,0.5933297,0.7820868,-0.5903038,0.99700975,0.7855598,-0.76256126,1.0525111,-0.08265665,-1.3362923,-1.0611163,-0.52554023,1.8357742,1.0090094,0.93246645,0.211529,-1.2924972,-0.25303847,-2.2028577,-0.6903479,-1.5504643,-1.0939572,-1.370294,0.8443122,2.216861,-0.8307084,-0.89154667,-1.0300486,0.120197006,-0.34758615,0.123307735,-1.3855417,1.8966542,0.8401611,0.90654194,-0.78061724,-1.2426306,0.7918369,0.35826853
2.6558897,0.57718736,0.43314382,0.5103402,-0.102996595,0.13076705,-0.7245685,1.6885161,1.1034032,-0.29763228,-0.77523154,0.83289665,0.46653786,-0.16628224,-0.5356508,-0.77890825,-0.99620104,-0.9199984,0.15737756,-0.6894916,-0.5449887,-0.015371386,0.30583832,1.439524,-0.03073476,-2.2911692,0.934751,-0.99649507,-0.86953104,-1.578369,1.1119747,0.2577758,0.13909929,-1.7738948,1.3351375,-0.80657864,-0.3151292,-0.5142814,1.0390732,0.69885576,1.6660804,-1.5674688,0.21865106,-0.11813538,-0.36310264,-0.42880696,-0.20391488,-0.26699802,0.35677868,0.13739072,-2.0737815,-0.1658794,-0.35203692,-0.64665437,0.2081767,0.7859663,-1.7409948,-1.6827074,-1.08881,-0.32889774
-0.20155495,-1.016156,1.4137943,0.8480543,-1.1816164,-0.8638626,-2.1024225,-1.235989,0.7698917,0.56379336,-0.11216159,-0.81157976,1.5513147,1.8413677,-0.079956084,-1.2067082,-0.45828494,-2.3862548,1.0582557,0.113176025,-0.7765294,0.03347892,0.17360462,0.31859338,1.1423833,1.0663986,-0.472439,1.7908151,-0.18556331,1.0313182,1.3865888,0.7269907,1.1772552,0.052115284,0.7278592,-0.50326043,-0.37501067,-0.08556644,1.0250717,0.6196565,0.61185616,-0.04523067,-2.6596673,-2.0124116,1.254064,1.9284004,0.7197244,0.5665045,0.39162144,0.25851795,1.2160014,0.2843894,0.094776474,-0.43519896,-0.5881344,-0.7732386,-0.1898394,0.75680566,0.12075879,-1.4756742
2.0566244,0.19141358,0.4735794,0.27799582,-2.2229044,0.1922154,-0.13859414,0.4407334,0.60774815,-0.296772,-0.5742763,-0.15247595,0.019662306,0.70200115,-1.1353356,0.49696824,-0.9629482,0.2923864,0.45678392,0.5303604,-0.7707095,0.25188738,0.18669364,2.0125074,-0.37459317,-0.54389995,3.0435512,-0.53153807,-0.49670628,1.0498877,1.1580352,-0.10487087,0.40236694,-1.0753399,0.6765115,-1.2307388,0.24512573,-0.17793347,1.5378788,0.5554517,-0.06314621,-0.047201145,-2.5547884,-0.42874238,0.67618567,-1.2104617,-0.078818135,-1.3552017,0.2931058,2.0386436,-0.048723895,-0.50412107,-0.17865682,-0.102738924,0.6775429,1.463558,-0.023061313,0.32016468,-0.42878726,-0.7676244
0.44498435,1.4384671,1.2027277,0.06018825,-1.8780777,-0.09086376,1.7330456,-0.9160876,-0.65453476,0.7534239,0.4540386,-0.29281312,-1.0171123,-0.5763977,-0.15300691,0.282149,0.60487336,-1.1960162,1.0142266,0.81903756,-0.539319,0.49474046,-1.1998899,0.8107564,0.5466106,1.4159497,0.7658099,-1.8028132,-0.46902514,0.9403538,1.7501827,0.67514896,0.29740787,2.082343,0.45423,0.8978728,0.017257906,0.60300976,0.07899328,0.8679272,0.15926781,0.746511,1.2744744,2.3542771,0.4261174,0.3778351,-0.28680542,0.16334678,0.89883816,-0.3532827,1.2600601,1.1298372,-0.95733464,0.24944991,0.5721609,-0.17565453,-1.4743142,0.28501648,-0.09019005,0.67008185
0.48905265,0.26774755,0.4297099,-0.00438569,-0.03468368,-0.16091682,-0.42584118,0.4726245,0.4410483,-1.4297131,0.12375271,0.4023373,-0.4529735,-0.8388603,1.2201047,1.2795289,0.60888636,0.033912357,0.54848784,0.073456146,-1.1204268,2.1615021,-0.17657536,0.60446435,-0.27170432,-0.5512384,1.0994116,0.012782696,0.6171453,-0.25076136,-0.041172765,-0.20468314,0.54786193,-0.027910406,-0.06493006,-1.5335449,0.010015831,0.9417702,2.022248,-0.55160075,-1.2889988,0.43251923,-0.40070382,0.44402632,0.3834611,0.27690148,-0.79071695,-0.22917669,-1.7641569,-0.024869252,0.17625584,-0.13733934,-0.6014886,-0.45168808,-0.3365257,-0.5755964,1.9985082,0.12533408,0.22995543,1.4028338
-1.0686458,-1.3207638,1.4486842,-0.4159639,0.55046237,1.0253472,-2.2148006,0.1085326,1.0242368,1.2124431,0.37845182,0.5602609,-1.061222,-0.874551,1.1296034,-1.4001447,-0.48724043,-0.87360865,0.6324724,-0.46229008,-0.5080786,1.1630248,-2.0878692,-0.58944523,-0.78762305,-0.44639015,0.6623588,0.8318727,-1.2474781,-0.8364467,0.041622955,0.41166812,1.1691023,-0.37053922,-1.274889,1.3016326,0.3217525,0.811423,-0.98622364,-1.3763623,-1.7799244,-0.58270115,0.5405052,0.10029888,-0.5806001,-0.9105954,-0.16046606,1.2825936,0.43695703,-2.302936,0.50861835,-0.17546877,0.12091673,-1.4285655,0.05716586,-0.2077756,-0.41437563,-0.7115593,1.1748419,-0.4329012
0.21151805,0.44899583,0.8546901,-0.4836674,-0.36118072,0.70167875,1.8561321,-1.2301668,-0.5933081,0.45371273,0.022866122,-1.0208577,-0.41305628,0.8061859,-0.25849286,-0.1282919,-0.28588578,-0.48240677,0.4731436,-0.8993823,0.98536444,1.1272215,1.1857612,-1.2522569,-0.28422517,0.55474246,-0.68638974,0.6749536,1.5893506,-0.2956724,0.0077477093,-0.3784558,0.012177921,0.46272233,-0.54140687,1.1377214,0.46758744,1.0045117,-1.4830716,-0.16843523,0.5724816,0.068790816,-0.68204284,1.678723,0.3778827,-3.3814185,-1.4450731,-0.5711849,-1.147849,-0.52233267,0.20165376,-0.48624277,-0.6715525,0.24932186,-1.3302723,0.69612813,0.64216363,-2.0267856,-0.09861964,-0.5763104
-0.34160483,-0.21463507,0.114030644,-0.1397622,0.050964978,1.481107,0.75479656,0.74430555,-1.3204008,0.25919375,1.1296862,-0.71653956,0.9395448,2.0336328,0.6004759,-0.0060954187,-1.7249154,-1.3366702,0.69888973,-2.3445518,-0.6145952,0.675027,0.63234776,-1.282681,-1.1331592,-0.8720514,0.010076648,-0.70077616,0.4476804,0.5623654,1.5491301,1.2049409,-0.23930533,1.4326051,-0.5222467,0.07271247,1.1923772,1.0813771,0.44697177,0.018393662,1.3197668,1.4350034,-1.5305998,1.3079015,0.09847765,-0.28455037,-0.53519446,0.7332941,-2.445463,-0.46213093,-0.005957647,0.94403803,-0.10498694,0.34242982,0.1980525,-0.41310385,0.2678495,-0.38272974,-0.17170584,-1.0768193
0.14892782,0.1705303,0.5587093,0.39475337,-1.7410675,-0.74649495,0.89906096,-0.19654162,0.9734877,-0.5886777,-1.4797815,-0.061995424,-0.31363496,1.2434528,0.6142421,-0.7888023,0.20234333,-0.55765486,-0.7867621,-0.024213487,-0.30748904,0.87862337,-0.18926868,1.1176933,0.031027302,2.3801343,-0.9780392,1.24088,-0.4355834,-0.6959911,-0.09113844,-1.2782425,-1.8212572,-1.5067494,0.73925376,0.8162948,2.1896951,0.68554014,-0.41549936,0.18427995,0.3927562,0.5902388,-1.457565,-0.41669258,-0.7945208,0.099268705,-0.584144,0.49536437,-0.7834702,0.9838538,-0.08904307,1.3302989,0.24297525,-0.80231553,-2.859384,0.7558774,0.428738,0.78117627,0.6517059,-0.58165646
-1.7165145,0.34928253,0.96876496,0.046890058,0.87501884,-1.6163232,0.0021501647,0.745599,-0.27980664,2.4666917,-0.014334316,-0.8351823,-0.8582723,-0.31393182,0.39378932,-0.15200055,0.96174103,0.6040682,2.0853164,1.9249833,0.5470351,1.4160827,-1.0319883,-0.23186262,0.18304381,1.3179369,0.5141664,-0.82453513,1.450952,0.50486237,1.3477223,-0.5385169,-0.9226836,-1.0446354,0.6647951,-0.46965495,-0.30265063,0.2221781,-0.7811177,1.8420682,0.8535459,-0.018979372,0.8856455,0.6690679,-1.3315585,1.5371424,0.30862567,-0.98285836,1.9344552,0.59466535,0.16753396,0.6244684,0.34511435,1.5857708,0.35191348,1.4188094,0.022785211,-1.3684944,-0.6257193,-0.44941503
0.9182161,-0.36362994,-1.1996354,-0.67806786,0.6260873,0.08549282,-0.15730935,-0.72193676,0.53035533,-0.041191638,2.1467268,1.6676826,-0.31117317,0.20941117,-1.1197343,0.6430887,0.97390443,0.12736462,1.2575502,0.07689172,-0.7485023,-0.1614256,-0.7032262,0.31764564,1.1260734,-1.3769575,0.80618775,1.8318868,0.78003263,1.0887587,-1.1826285,1.2086083,-1.2451203,0.4673356,2.3046489,0.102235705,-0.022370828,-0.26033726,0.30345583,-0.13328715,-2.4245217,0.26119876,1.5113071,-0.7412141,-0.26069146,1.6741357,-0.7953879,1.6329416,0.40889955,-2.2929606,0.7308071,1.253774,-0.1447028,-1.3260189,0.7757587,-0.606711,-0.3005044,0.730989,-0.49238005,0.48579454
1.2011815,2.2903826,-2.810301,1.5995156,-0.7114521,1.3995731,-1.0810957,0.11851468,-0.5188963,-1.3390951,-0.45561332,-1.0909024,-1.2192291,-0.052999105,-0.100952804,-0.34539714,-0.73880714,-2.520436,-1.3362427,0.8608021,0.23840746,0.80351853,-0.58921117,-0.566311,-0.37910455,0.93620753,0.76382846,0.041659553,0.20564307,0.7563608,-0.48295137,-0.14207937,-0.33936805,0.053939626,-0.710047,0.69798815,1.0729487,0.9894041,0.64360994,2.542382,-0.11144996,1.0703322,0.81372446,-0.19047523,-0.47568366,-1.1885997,-0.31112763,0.36299703,1.7396172,-0.9865774,-0.20743635,2.193055,1.9598553,0.26037586,-1.5986719,-1.051429,1.0857693,0.0979442,0.42087984,-0.26531696
1.2128062,-1.1171626,0.28094822,-1.7204436,0.045950852,0.51792043,0.2639356,-0.13232027,-0.430474,1.592737,0.49816105,1.5622382,0.86183137,2.1477375,-0.5164036,0.7445326,-0.32601526,0.4736701,0.46225384,1.1172562,-0.39723566,1.0276046,1.5620583,-0.047711935,0.7169829,-0.6533888,0.82650596,-1.0585008,1.257691,-1.946446,0.5761173,-0.34711802,-0.33624923,-2.090191,1.0077603,-0.44893488,0.0780339,-1.6321323,-0.022801371,-1.175576,0.87770015,0.85353476,0.3673311,0.2825709,0.5901081,0.9592453,-1.801232,-0.85430264,-1.7777318,-0.27301368,-1.1093291,-0.18950489,-1.3175609,1.0368605,-0.3706068,2.3421323,-0.2948851,-1.9066527,0.2278089,-1.1421676
0.0070377784,0.08579336,0.050311472,-0.023255855,-1.7889957,-0.15707953,-0.38116148,2.3368149,1.4653207,-0.9751871,-0.33797264,-0.661574,0.042066306,-0.51239204,0.064094655,-0.053318605,0.079919584,-0.1895327,-0.69527775,0.50525135,0.2645729,-0.42020613,1.2486641,0.6977968,0.01222995,0.7208314,-0.073568605,-0.5464276,1.8798217,-1.9949287,-0.23598006,-0.2281553,0.18465047,1.3512385,-0.8788373,-0.09068723,-0.61182857,-0.048031453,0.94535697,-0.012036714,0.16260175,0.39032227,-0.8429396,0.62986714,0.98054767,0.30797753,0.8403073,-1.0923171,0.476904,0.605921,0.43232784,-1.3413701,1.668966,0.43748906,-1.2059231,-1.3268837,0.5375124,1.569138,0.3286988,-2.238098
0.987567,-1.8952715,-0.49041784,-0.55136794,0.354187,0.90725034,0.16682364,-2.4348865,-0.8414184,1.3898038,0.7700923,-0.8923885,-0.16301724,-1.825274,1.2573973,-0.36840287,1.8057313,0.24081364,0.8384873,-1.0880183,-0.4477487,-2.0783584,0.7546615,0.16371676,1.8677154,0.91803926,-0.57212055,-0.33237273,-1.0303509,-0.99392164,0.14064446,-0.89517105,0.9972967,2.21592,-1.2616205,-0.52218956,-0.21628012,1.9289727,-2.073794,-0.10773618,-0.20175153,0.27882984,0.68528765,-1.7200406,1.3123292,0.5363836,-1.0332094,-1.4497668,0.054090917,-0.5941688,0.639721,0.56321543,0.49230424,1.5306234,1.0430939,0.055710774,1.1657236,-0.7333998,0.05609933,-1.049972
1.268581,-0.18060678,0.7376591,0.5013798,-1.2759981,-1.0029578,-1.1074439,-0.69722724,1.7608428,-1.1713468,-0.19425902,-0.28360176,2.7204006,-1.3158686,-0.399665,-1.9444904,-0.51579785,0.7349548,-0.70755875,0.81660146,-0.0040440224,-0.4350986,-0.19941474,-1.8577198,-0.29117262,0.3783376,0.8229911,-1.4687269,-0.82553846,1.425521,0.4414575,-0.68619156,0.95279765,-0.1701916,-0.65137434,1.3823997,-0.029870765,1.5473258,1.0649153,-0.24296254,-0.298108,-0.6468202,1.1371201,0.6908114,0.5916657,-1.3759403,0.29259625,0.3356164,0.0283316,-0.8522984,-0.7602997,-1.3417265,-0.225745,-0.75638276,0.17595123,-0.113734715,1.6985627,-0.4865947,0.7502863,0.3972265
-0.86343694,0.33677122,-1.4142773,0.5084485,-0.9322607,1.2206889,-0.41164914,-0.92905533,-0.61531574,-0.42096183,0.3775095,-0.28124925,1.3240926,0.54272914,1.2232969,-1.0698041,0.47986284,-0.59123766,-0.56158864,2.0706325,0.29323393,-1.2756908,-1.2046818,-0.76049006,-0.6981963,0.27960902,0.45648217,0.89732844,0.14615227,0.9620448,-0.96656376,1.5396714,0.59765625,1.1369461,-1.0889667,1.331745,-0.039013963,-0.6315405,-0.49630722,1.0745674,0.12676564,0.018811498,0.5224912,-0.9643429,-0.61470383,0.42329174,0.5678715,0.89279956,-0.53619355,-0.07944463,-1.3917072,1.0050403,0.41045582,0.50362796,-0.92910075,1.2773451,0.40305233,-0.14626741,-0.13699992,0.24373978
-1.1739155,0.24166541,0.6747608,-0.3619019,-0.6331083,1.4609755,-0.14202648,-0.77410895,-0.14163303,-0.26557636,-0.6737162,-1.0971868,-1.6175414,1.3050343,-1.3550988,-1.5499951,1.3250173,-1.7388958,-1.3509412,-1.6874343,0.3831262,1.7153261,0.49677628,-1.1162262,2.5045543,-1.0361483,1.0084991,-0.39990202,-0.36832336,0.6609243,-2.6741817,-0.3804036,1.6019655,-0.5828627,-0.73372644,1.3439529,-1.0123152,-1.354393,2.2864547,-0.889087,0.28859365,0.39847675,-1.0566175,-0.075254865,1.9234531,-0.8065662,-1.0579547,1.2677258,1.6607273,1.1835607,-1.2225542,-0.47245783,1.5287158,-0.9364137,0.21452287,-0.2938821,-0.11631029,1.2355095,0.013484188,2.6790462
-1.8912991,-1.4024333,-0.106264144,0.7023381,-1.2292463,0.542755,-0.4711429,-1.216852,2.6182346,1.2596114,0.24848938,0.08804868,-0.3902457,-0.9472672,-1.2471231,0.52958554,0.55160743,-0.49203914,-1.7492752,-0.8328897,-0.06655745,-1.1887058,-1.4141978,-0.20296496,0.8220628,0.014976259,-1.0961993,0.24946317,1.7533209,-0.021581367,0.25314987,-0.037586212,-0.975566,-0.80588067,-2.0557368,-0.73000985,-0.6785332,0.3156199,-0.9406526,-0.21887265,0.68075764,-0.22362757,-0.048021596,-0.48726693,1.095581,-1.4480565,1.3677726,1.4582707,-0.62027925,0.8286762,2.2599788,0.7110288,2.3559737,1.86391,0.40368497,-0.24674788,-0.72541696,-1.6025709,-0.18657096,-0.12867214
0.86493134,0.64805764,-0.763464,0.5621701,0.9942883,-2.2115932,-0.46846133,0.9639313,-2.4721146,-0.098084085,1.1876155,0.8302158,-0.39988986,-0.796569,0.5777183,1.1109746,0.29579154,0.6201399,2.8401456,-0.41813806,-0.44882068,-1.611914,-0.4598019,1.9080808,1.6845386,0.84178597,-1.0530092,-0.21771643,1.3313147,-0.6506649,-0.6978915,0.29221183,-0.96051043,0.9869476,-0.20600429,0.595948,0.37499192,-1.2810149,0.22519015,-0.7468144,-0.63134295,0.8912453,-0.9952983,0.4546298,0.8040547,-0.027307736,0.58660835,-1.3574561,-1.3936448,1.0564799,0.96926016,1.3724468,0.68720335,1.3346888,-1.4695259,-1.0639796,0.32293144,1.1722907,-0.0031182726,-0.65187025
-0.12496071,0.23188089,1.3941805,-0.46182644,-0.2937955,0.23505005,2.375679,0.36735335,0.80596846,-1.4843316,0.8003389,0.7072442,-1.8592273,-0.49634027,0.41305012,-0.95335126,-1.1541042,0.3409823,0.3600433,1.0110494,-0.72575355,0.26839954,0.82545793,0.4050323,0.20855658,0.17143393,-1.1001997,0.14555646,1.141615,1.8912812,-0.88203484,-0.5216561,-0.029021539,0.12697741,-0.70354736,-0.6666949,-0.24729317,-0.004246189,-0.7955513,-0.62808055,-0.7221457,1.0190362,0.3666581,-2.7530081,0.28151387,-0.7759124,-1.102855,0.22665185,-0.8396149,0.10336335,1.5823532,-0.84495586,0.58956677,0.6214192,-0.09004931,-1.4295058,-0.17879881,2.2397652,-0.6245687,-0.04412994
-1.2323736,-0.16329108,-0.80838835,0.3776619,-1.1748672,-0.41606888,-0.7641422,0.69849753,-1.5425714,0.85001373,0.57554924,0.57188743,1.1009732,1.2758989,-0.66154957,0.53902787,0.03875575,0.8673583,1.0741928,-0.2538491,0.5416546,-0.5020594,-0.06349329,-0.018988043,-1.9799311,1.5640669,-0.1685623,0.3807277,-2.1336343,2.1665363,-1.3053038,0.8791909,-0.4745499,0.104290694,1.0662379,0.40670478,0.017113224,-0.75226414,-0.5806685,0.887294,1.275767,1.6203215,-0.38108855,0.005882809,-0.027978558,0.5721214,-0.21260345,-1.1327,0.2088324,-1.3915546,-0.5108686,-0.8348504,1.6583,0.7703569,-0.21544641,-0.037370168,0.39237452,0.9429433,0.7996508,1.5478839
-0.13327222,0.28958228,-0.6188911,0.07071801,0.75109655,-0.10534062,1.3276901,0.3958425,1.7299783,-1.1940266,-1.1630998,-1.635713,-0.739906,0.5937076,1.9747685,-1.446839,-0.81079364,2.881109,0.41901016,-1.1388338,0.39934835,-0.25644565,0.14576142,-1.9789479,0.95931935,-1.5847602,-0.381336,1.4904351,1.4808514,1.9835378,0.94878083,0.8110485,-0.4040921,0.053581364,0.13933453,0.38132754,0.9147849,0.56828254,-0.036658768,1.011161,1.8330038,-0.58735627,-1.0447432,-0.10060704,-1.4655379,0.254444,1.3984156,1.9629754,0.3652477,-1.5608678,-0.23278165,-0.58930105,0.24763392,-1.0090643,-1.837563,-1.1467228,0.17035754,-0.3650317,-0.02272564,1.1729325
-0.6670814,0.8206542,1.6793845,-0.048139013,0.3542024,-1.1773756,-0.8511491,-1.0660709,0.24524471,-1.0175136,-0.82901704,2.4188664,-0.09042519,-1.7777925,0.99337673,0.49557143,-0.32504645,0.8066047,-0.2722767,-0.16508485,0.5151309,-0.7607739,0.86649096,-0.12117481,2.7275927,-0.6962168,0.6703023,-0.18327856,0.45337743,-1.1901172,1.178419,0.12500826,-1.1216254,0.09871405,-0.34389946,-0.44357267,0.36686075,-0.9586929,0.5586451,-1.0109942,0.93697554,1.2595972,0.91100335,-0.32729626,2.063836,0.95507085,-1.8587707,-0.100741126,2.1975887,0.29109067,-0.2504551,-0.2528321,-2.1798592,0.6513829,0.41090837,-0.14563245,0.78931624,0.1396978,0.8305306,0.009638881
-1.6644099,0.17588654,0.09477069,2.3258,0.31389308,-0.4094191,0.13651554,1.5051559,-0.51923007,0.5399571,0.08989826,1.1674991,-0.4349798,-0.49708137,0.023006156,-0.009239571,-0.9726839,-1.1476805,0.31765404,0.55177844,-0.1474814,0.07288319,-1.9442213,-0.029239714,-0.22242387,-0.3006131,0.1647378,0.35549745,-1.0229197,3.2942631,1.2641757,0.109508604,-1.3957683,1.3807409,0.041211307,1.824845,-0.8270473,0.15871212,-1.3321671,1.540901,-1.7645631,0.8088956,-0.8784625,-0.031304866,0.09251842,-0.009327028,1.0525577,-0.37609524,0.9313038,-0.47040337,-1.8059237,1.4691924,1.7173179,0.031272892,0.5383794,-2.7916012,0.93059343,1.3346152,-1.4551674,-0.35513043
0.8409539,0.7417456,-1.2599008,0.4753613,-0.46594086,-1.0095779,-1.0919126,0.3751656,-0.26066285,1.3851265,-0.09959048,-0.1339732,-2.237425,-1.1922234,1.2022537,-1.001913,-0.7126967,0.018769776,0.64836115,0.75015587,-0.08327789,-0.72789055,1.0838407,1.3963182,0.9504184,0.18138932,-0.035984848,1.3704737,-0.71747667,-0.074413,-0.14800298,1.5340699,0.8702945,-2.422528,1.4735688,-0.64221895,-0.43862864,-0.93970937,0.17578918,-0.062345844,0.07017317,-1.3136356,0.013561193,0.05770013,-2.2015457,-0.07115007,1.0054157,0.5757669,1.4935993,-0.53503585,0.336288,1.5709603,-1.5103924,0.09551747,-0.7874008,2.4575937,-1.3369263,-1.5295215,1.140866,-0.5931629
-0.5454355,0.35329136,-1.0614334,1.39171,0.8846472,0.9355942,0.94983226,2.5183253,-0.32886526,-0.6915515,1.5656227,0.38233227,2.6185446,0.8062156,-1.0582665,0.43956634,-0.34279123,0.79040706,-1.698224,-1.3188447,0.7627059,-0.47313574,0.17221886,0.0758318,-0.5143019,1.467454,0.34994563,0.68003976,-0.3707886,1.3153399,1.2860374,-0.8373537,1.152259,-0.4210723,-0.58061486,0.44638294,0.44843554,0.3272205,0.20943129,0.7860871,0.82448304,-0.96977293,1.743896,0.0027924327,0.37614322,0.8410581,1.2881415,-0.10712722,0.8785882,1.7894971,-1.2469488,0.27513918,0.514424,1.1872139,-0.41335675,-1.403649,-0.2897459,0.6488628,0.067914054,-0.8365616
-0.62326056,1.256624,2.162477,-1.3435062,-1.2810655,2.207047,0.8288812,-0.02600119,-0.31537512,0.83102715,0.5770382,0.7617113,0.4348543,-0.007168166,0.08179688,0.6686826,-1.8095453,-2.1156733,-0.42859235,-1.9767185,-1.3748373,0.9837201,1.3589802,1.9805732,-1.3462378,0.42600608,0.1822009,-0.8544018,-0.50843346,-1.1602881,0.4869827,0.9139587,-1.4480151,-0.45988065,0.45395902,1.015914,0.23363951,-0.044095185,1.2777945,1.1474043,0.1830655,-0.69663215,-1.3011454,-0.033003114,-1.0132048,0.09154194,-1.0760894,-0.059588976,-1.5282922,0.8076185,0.65330166,-0.19073382,0.514346,-2.0236135,-0.09000862,-0.92027617,0.97836405,-1.4406447,2.0990922,-0.9099154
-1.0265865,0.5127537,-0.57078475,-1.7674289,0.79026765,0.139908,0.3983702,-1.1770488,0.05129753,-0.122787945,-0.24314155,-0.44932052,-1.1520022,0.75068784,-0.07168487,-0.6636595,0.49562627,0.118428774,-1.5849969,1.8854438,-1.1417699,-0.11335027,0.7234492,1.0238262,0.17888048,-0.2665696,2.0190487,-0.25687096,0.13557646,-0.38923424,0.15414345,-0.0937954,-0.2724653,1.5758196,-0.52905244,0.43908176,0.08632801,-0.3246393,-0.3390632,-1.447275,0.8350037,-0.9056162,1.5953943,-1.5016636,0.12100867,-1.1986797,-0.031809807,-0.33444357,-0.35235333,-0.5714774,1.9977393,0.33467242,0.14679043,0.19788326,0.31448165,-0.10332831,0.62427914,-0.69834834,-1.1133157,-0.0552588
1.5223025,0.78721714,1.2036018,0.024527991,-1.1590155,-0.77374357,1.0339775,-0.7043642,-0.7865744,0.14067371,0.93997043,-0.83375126,1.4603932,1.8104924,-0.43458527,-0.28007475,-0.22009034,0.54825217,-0.5497122,0.8958789,-0.692802,0.8490475,1.3101802,0.65664643,1.6418537,1.5943761,0.52827036,1.3684062,1.7078888,1.7405698,-1.0829769,-0.50843364,0.28054821,0.29201835,0.38785756,0.5151401,-0.05629789,-0.733362,0.76290053,-1.0112783,-0.84176266,-0.6425402,-0.3487636,0.16863719,1.2749413,-0.9616034,0.44209337,0.6899592,-0.78636855,-1.0239255,-0.072883524,0.6204137,0.30732274,-0.18269353,-0.1861873,-0.3292276,1.7943412,0.38000315,-0.8249013,0.8467162
-0.744637,-0.17082807,-0.0050218883,1.9922359,-1.6575508,-0.48659155,0.20767863,-0.8923275,0.15919863,-1.0512066,0.6139163,-0.5017174,0.537728,0.29145658,-0.8855256,0.9306897,0.45316803,1.1899567,-0.7607292,-0.6686837,-0.26728326,1.1000541,1.0123495,-0.035344012,-0.8163721,0.8743424,-1.3451816,-1.7853768,-1.4130846,0.27715337,-0.007941813,-0.007321573,-0.92176145,-0.41188374,1.4542246,0.2569085,-0.018557653,-0.4211532,1.2931252,-1.4234569,-0.007054944,-0.015383564,1.623642,1.1935807,-0.32444787,0.5058131,-0.46906102,-0.8675939,0.29957443,-0.13607095,-1.6782162,0.17718613,1.0346183,-0.630534,1.758722,-2.4751046,-0.29260927,1.1129358,0.3598735,-0.43518466
-0.2551901,-0.6280007,-0.022654183,-1.1379242,0.24104027,-1.2328693,-0.9421246,-1.253084,-0.61706364,-1.8640921,-0.45097226,0.9391808,0.27399445,0.8039965,-1.2336783,-0.6518055,-0.07416654,-0.6083526,-0.9246518,1.4355087,0.57880783,1.521805,-0.45247033,1.2809714,0.3744042,-0.18567051,0.7721231,0.27708152,-0.7037187,0.20190182,0.052416805,-0.21584724,0.80724525,0.25222456,-0.602497,1.3866104,-0.65919185,-1.7787141,0.74763125,-0.8099135,-1.6119413,-0.5881624,-0.19026811,-1.1053405,-0.5727416,-1.0647773,0.68098855,0.8410785,1.859211,-0.223925,-0.7067872,0.12782973,-0.03847852,-1.3674765,1.1259762,-0.38001308,1.399253,-0.5804412,0.10955282,0.49924317
-0.33692294,-0.65347624,0.36315325,-1.063332,1.41526,-0.27087528,0.87454534,-0.01426708,1.9618638,-1.120599,1.6340429,0.48078394,-1.4469802,1.1170733,1.1477029,-0.3114693,-0.86468023,1.7431142,0.34133556,-0.3969552,2.466743,-0.80985767,-0.44594982,-0.24190073,1.1512954,-0.115507364,1.2026253,1.6828331,0.4439025,-0.5556331,2.4177723,0.0068480135,-0.5410212,-2.2295227,2.5015998,0.28894246,-0.6331803,0.16781166,0.80313444,-1.0525876,-0.8223714,-1.0293723,0.53163296,0.5113314,-0.978103,0.12722458,-0.5541297,-0.42309892,0.62754047,-0.2911671,0.8224316,2.6831105,-0.8901343,-1.0933871,-0.65482605,0.08266856,-1.2764778,-2.648842,-1.0505747,-0.55595773
-0.11408078,2.289656,0.344434,-0.33860788,2.0443106,0.29691848,0.33110264,-0.3067096,-0.12008077,0.89912,0.46514383,2.025073,-1.2457184,-1.5193738,0.7934316,-2.2763717,0.03089203,0.4005363,-0.20543456,-0.43934196,-0.5664735,-1.4782482,0.7526826,-1.967919,0.4001731,-0.22989143,-1.30499,-1.7245153,0.54175353,-0.21429187,-1.3857136,0.7289716,-0.6496166,-0.7982428,0.034239665,-0.40259883,-1.1507227,0.16174923,1.1184543,-0.3892374,-1.2303985,-0.055048607,0.5723179,-0.478553,-0.83117807,-1.0384545,0.14117168,0.65060556,0.3308613,0.66638875,0.78611463,-1.1705484,1.6876141,0.5720907,-1.0111691,0.36523262,0.7469558,0.07030763,1.5626453,-0.9570148
-0.28377184,-0.98089254,0.38538295,-0.6681824,-0.9834392,-1.5389969,-1.778118,0.16607909,-0.790429,-0.55347663,-0.33726597,1.2712197,0.8588459,-0.6078908,-0.6327324,0.51782423,-1.1587847,-1.5766432,0.32636833,1.2541175,-2.0567079,0.50867563,0.03415349,-0.5416934,1.3948871,0.89513093,-0.4860833,-0.82484823,-1.8920668,1.2883747,-1.0556967,1.4109392,-1.4405277,0.6555466,2.129565,-1.6371254,1.0912043,1.0194539,-0.91941303,1.0106791,0.6000567,-0.56422156,0.07341831,1.5301285,0.08330652,-1.295442,0.10560919,0.5503153,1.3093231,-0.059760418,0.47656873,-0.34281835,1.6586113,-0.05823482,0.48232758,0.36489177,0.5178815,-0.48325822,-1.2503668,0.5559074
1.4271811,-1.2177862,0.536299,0.4038079,-1.3614082,-0.16227517,0.7792634,-0.42369053,0.6848589,-0.3460266,-1.0332787,-0.44689554,2.0461736,-1.2961365,-0.40446553,-1.1716125,-1.5267792,-1.0662795,-0.13839142,-0.64277464,-0.047334064,-0.1097382,0.53235257,-0.729681,-0.41944706,-0.47061923,-2.5303426,2.7912874,0.7389814,0.8351909,-0.4429434,-0.6341608,-0.20386113,-0.9674054,-1.2577382,-0.6486272,0.27040696,0.2364403,-0.97008777,0.08121431,1.1927853,-0.75376445,-0.5355421,-0.31440726,0.35501987,0.2746502,-0.77200097,-0.28284073,-0.3153165,-0.56868154,-0.17190649,0.9158229,-0.12766406,-0.78329587,-0.5468132,0.04529165,0.8911552,1.5664936,0.15113233,0.62280995
-0.18623856,0.14138888,0.17491138,-0.41445464,0.46973762,-2.5618274,0.1089816,-0.0058639455,-0.9795603,1.0308825,0.6051312,1.968502,1.1301548,1.8784071,0.668722,0.1613798,-0.57033783,-0.5492265,0.09648036,0.28999755,1.2528962,-1.8554447,1.2581747,-2.013364,0.704984,0.62025976,-1.1702555,-0.10328801,0.54774725,2.7252893,2.4526145,-0.45007947,0.2987403,-0.5777484,0.62253016,0.5519112,0.64258826,-1.4173927,-0.5295772,-0.7711688,0.6047735,1.3272554,1.508009,1.1528797,-0.66646755,0.0053781215,0.9506311,0.07760121,0.8256261,-0.5558193,-0.9547279,0.75558335,0.021091891,-0.7038235,0.39678186,0.37477255,0.61894643,-0.5130528,-0.7609767,-0.5180262
-1.1705345,-0.10636137,0.5132231,1.5249143,-0.27812365,-1.9205436,-0.8569127,2.8432572,-1.4183961,-0.16895947,-0.27646554,1.4682392,-0.5076816,0.3153644,-0.77635664,-0.77310866,2.2116675,-0.057541408,0.19851172,-0.07237136,-0.20677313,0.6564871,1.0560899,-0.68163866,-1.0815456,0.094721965,0.02156482,0.6471059,-0.116738044,1.1753249,0.7756761,-0.87031436,-1.0486416,-0.10391518,0.85253334,0.9362539,-2.9978833,-0.22744477,0.80977553,0.29965916,1.5360411,-1.5145165,1.0580771,1.127636,-0.427245,-2.5822656,0.2993669,-0.17125972,0.21326275,-0.8090669,0.0522185,-1.0792835,0.663417,0.7695322,0.28441328,-0.16073436,0.24005054,1.1153251,0.09853376,-0.5301026
0.29513282,-1.6856527,-0.046452038,2.650966,-0.1878262,0.104754366,-1.0909631,-0.056354374,-1.6317692,1.163207,-0.21579652,-0.027836606,0.1510131,0.6827677,0.74786997,2.1628098,-0.5212389,-0.5639836,-0.39706203,0.09940307,1.4509116,0.25905815,1.9376045,0.74396783,-1.6189104,0.62724435,1.3799132,0.016036956,3.320702,1.4042245,0.9154069,-2.3198204,0.84957415,-0.796696,-1.175215,0.5287716,-1.0348752,-1.2761356,-0.44071528,0.9191854,-0.5837181,-0.113898724,0.5964428,1.1777068,-0.83321136,3.000418,-1.1991557,0.48768812,1.1603082,0.8186376,-0.08535391,-0.034716487,-1.4934112,0.050308965,0.42229083,0.61348665,1.8398347,0.19620728,-1.5256907,0.30263847
-0.49641812,0.661535,0.77805215,1.5645834,-0.26951367,0.9430892,-0.6365823,0.3611398,-0.4095041,-0.11193712,0.88800925,0.29349253,-0.7807083,-0.007090478,1.462456,-0.696168,0.83030266,-0.1625957,1.3370131,-1.4861292,0.41766015,-0.17366447,0.30693275,-0.5448347,-1.6231706,-1.2434968,-1.1992089,-1.8834717,-2.1656308,-0.5761457,-0.9909664,-0.970441,-1.2889322,-0.75474745,1.5119069,0.804666,-1.5116497,0.7518275,-0.3225148,-0.91053915,-2.0098064,0.7642402,-1.154218,1.2043655,0.27024156,-0.4163694,2.0976942,0.3376275,0.82680666,0.45170987,-0.19798572,0.17583463,0.34973767,-0.5108268,0.9935852,1.6720389,0.7658757,-0.77985996,1.2646439,-0.014396516
-0.9742223,2.1769292,-0.8427461,-0.6594113,-0.5024386,-0.3944352,-0.84945476,-2.2451918,-1.315534,0.3366211,0.7492716,-0.44303304,1.4244055,0.986159,0.16073859,0.05057767,0.539453,0.44979364,2.1757176,-0.71273744,1.438654,-0.23025985,-0.31401527,-1.2719946,-0.09332817,1.0148028,0.6518988,-0.78074527,-0.55118114,0.26730597,-0.16363125,-0.9690478,1.625567,-0.2818937,1.1540878,-1.2704215,0.43930066,0.15136889,0.8427089,1.3212746,-0.29653656,-0.8249855,1.1182824,0.4884935,-1.9824806,-0.7905985,0.32030067,0.06972235,0.14485715,1.0043457,-0.77977306,0.66997045,-1.3599229,-0.8338457,1.4013029,0.2046398,0.5972491,0.8201605,-2.563298,1.0755813
0.5788446,0.9558291,-0.56411517,-0.42378843,0.16204475,-0.7663104,-0.68618834,0.3637551,-0.113092415,1.6612458,-1.7449765,0.44124776,1.0060928,-1.589357,-0.67508847,-0.22009978,0.78756803,-0.5345426,0.5885212,-1.2174122,0.91165876,2.5707622,0.7825394,-0.2590298,0.5497309,-1.6191335,0.65915775,-1.0031652,-0.6937966,0.34034768,-1.3141862,-1.6356277,-2.0224583,2.449854,-0.11341602,0.2835187,-0.38905406,0.05845812,0.61066556,0.9099492,-1.2784619,-1.3072895,1.0670688,-0.83831507,0.8234914,-1.722457,0.023103615,0.2603696,0.027882691,0.39030558,-0.76800716,-2.4660838,-1.2509035,-0.12926719,-1.1370457,2.879088,-1.4307358,0.31122783,0.40366253,0.35113415
0.15298676,-0.4057331,0.42413318,2.4244885,-0.05420397,0.80476123,1.5363348,0.19304316,0.6540594,0.3292784,0.93032455,0.012378749,0.9655557,1.0388267,-1.7520232,0.35294887,0.19978511,0.53764045,0.30556673,0.9962637,-1.5602332,-0.74665135,0.071313,0.62289476,2.285799,0.4618292,-2.2965217,2.17394,1.6109477,-0.39093336,-0.851967,0.09337605,-0.26361427,-0.32206297,-1.335453,1.0989107,-1.5919806,0.15454243,-0.6477581,-2.130458,-1.2669984,0.9492863,-0.6620422,0.72131026,2.5340712,2.6351953,0.09638804,1.6962138,-0.71409833,-0.0074567185,0.887774,-0.96925384,0.2836162,0.4287557,-0.99080133,2.0689342,-1.1718383,-0.036040124,-3.6941283,-0.81039685
0.7905382,1.1949402,0.032856114,0.05186251,0.30989632,1.3742735,0.75001585,-0.22532727,-0.02304045,0.5232143,-0.021627393,-0.983612,1.027696,-0.5637032,0.6143357,-0.8656604,-3.3342414,-0.9885615,-0.5573086,-2.1170244,0.17691894,1.0177045,0.5377877,-0.5019961,1.188076,-0.25548497,1.1596308,-0.8087029,0.3489853,1.7163448,0.09284483,1.6414207,0.5812668,-0.24378757,0.4267935,-0.4776154,0.68994147,0.6135987,0.15386552,-1.7516836,-0.022905868,-0.62936574,-1.6658834,0.47047213,-0.7173252,0.073655546,-1.4342896,-0.30832243,-0.84902847,-2.5198712,0.62684846,-1.2532191,-0.3760723,1.5790615,0.5515142,1.4993514,-0.37024856,1.5013449,1.3250451,-0.6592731
-0.9014449,-1.238581,-0.86521745,-0.6255838,-1.7561792,-0.19879262,0.31138512,-0.14722954,-1.3063781,1.1121036,0.3627066,-0.4657129,-0.9638679,-0.014809814,0.83399814,0.633056,-0.63208896,-1.1813314,0.78128034,0.90994287,0.381731,0.9850979,-0.21412562,1.7429234,-0.62858385,-1.0168564,-1.3055189,0.84152573,-2.1210399,-0.39275584,0.35265782,-0.19370344,-0.45635968,0.29279763,0.34481132,-2.5203629,0.69863087,-0.16720061,-0.53965837,-1.0013653,-1.0544851,1.6064844,0.502198,0.34691095,-2.0043385,-0.9539686,-1.0317675,0.058200896,-0.3561525,0.4139854,-0.7167896,0.79867375,0.8499447,-0.43170354,-0.8259038,0.59271544,-0.90827364,-0.63142264,0.19865085,-0.825149
-1.9504174,0.17994882,0.89293903,-1.126849,0.34672168,0.11058267,0.5738812,1.0078746,0.5164641,-1.0509813,0.3204566,0.63497454,-0.7160076,-0.14372548,-1.2725905,-0.42836392,-1.1083423,1.0749032,0.6150441,-2.096539,-0.77373916,-0.5477897,0.16793999,-0.8000145,-0.94885653,1.1980077,-0.6408884,-0.9636409,0.2608749,1.4768943,0.9338503,0.014640279,-0.19780028,-0.5771937,0.016846798,0.79053104,-0.568062,1.1810329,0.43456775,0.42448106,0.10322333,0.9850148,0.64477044,-0.5063711,0.65720266,1.0929687,-0.21006422,-1.9341775,0.51865876,-0.038364135,2.2299607,0.31314448,0.14181864,1.4287754,1.4901801,0.73495024,-0.8187978,-0.43824342,1.2839727,-0.56405485
0.48548415,-0.24851225,0.5152943,0.60172427,-0.32767385,-0.26208034,0.42036414,0.3001393,0.66112167,0.4429214,2.147457,-1.7595102,-1.8109019,1.2461922,-0.76560175,-0.6395407,-0.084412694,-0.1881317,0.017237704,-2.0351522,0.55180126,-0.9547107,-0.18862309,0.41567868,1.8735938,0.14286003,0.88592976,1.6448845,-0.3416652,0.27133125,0.7611445,-0.39203376,-0.1088937,-0.06283145,-0.752504,1.2019546,0.31997815,0.7064393,-0.88932306,-0.7889901,0.8755879,-0.35261008,0.22633342,0.2121146,1.7256426,1.4111342,-0.343231,0.6772835,-0.584341,1.3597519,0.3944495,-0.3748316,-0.7674606,-0.9810102,-0.43677732,0.56677586,-1.1117644,-0.31560946,0.5138752,-0.43403298
-0.40861773,-0.08994046,-1.356043,-0.8554342,-0.13884091,-0.8256619,1.3780457,-0.4398804,-1.0047618,-0.07458599,-0.68264264,-1.5504621,-1.0198805,0.10867497,0.13542621,0.36352515,0.73154986,1.3582531,-0.6712214,1.7435371,-0.018024763,1.3002021,1.6017435,1.3872311,-0.26955047,-2.8859773,-1.5518817,0.056586336,0.25144565,-0.082215525,-1.646015,-0.20040607,0.6515448,-0.10395258,1.334616,0.0011998831,-2.4502184,0.5450668,-0.43533063,-0.115297556,-2.8462374,-0.102263205,-1.0696119,-1.3536577,2.6071734,-0.35210165,0.9344987,0.14283894,-0.2657195,-0.16548938,-0.5161688,0.090145245,-0.8740577,-0.47304878,-1.380681,-1.740387,0.04707895,0.18506032,0.12806438,1.409267
-1.8184903,-0.6523629,-0.7394774,2.0131135,-0.3013826,-1.0704656,0.23866773,0.2861511,-1.5004003,-0.65904886,-0.29185075,-1.1323617,-0.9752692,-0.4573846,0.255178,0.7742301,-1.4897069,0.33381808,-0.38510612,0.664377,-0.2886672,1.1751914,1.4390596,0.25199705,0.57327145,-0.21437794,-0.071931146,-0.54803324,0.62363887,-1.5732615,-1.009403,-0.795796,1.3758925,-0.041388966,-0.220241,1.9309372,0.47519016,0.4432192,-1.1284412,0.28557947,-1.3387247,-1.0292784,-0.38100314,0.5759821,0.2333438,0.13203578,-0.629162,0.25891003,0.24295296,0.61371017,-0.14699766,-0.501089,0.9807909,-0.3706368,-0.49872637,0.55758834,-0.62953603,0.31610554,0.24621435,1.1324927
-0.69802684,-0.2776631,-3.37447,0.38997203,-0.21377087,-0.4227416,0.00054567563,-0.53468275,-0.3047046,-1.6417528,-2.0724194,1.0802324,2.2048502,-0.9313032,1.2833287,-1.3393228,0.35763094,0.18293932,1.432108,-0.06612406,-1.3741066,1.0744847,-0.9223466,-1.2117851,-1.194178,-0.11761795,-0.56800485,-0.70688844,-0.49679273,1.2114245,0.32453966,-0.059656907,-0.21878643,-0.052564118,-1.5955008,-0.32223573,1.0193939,0.14687955,-1.433771,0.618108,1.6026133,-1.1643682,-0.47502938,2.5572329,-0.02026154,0.42835978,-0.7675432,-0.36164215,-0.047021043,-1.7116809,0.06907364,-0.03475324,1.0990522,-0.05641296,1.31877,0.6221336,0.2724374,0.07544156,0.09792538,-0.17559652
0.3328843,-1.1328493,1.4354002,1.07766,0.060727544,-0.80645406,0.6422638,0.5187819,1.0012122,-0.4711945,-1.6185071,0.45318875,-0.17569903,-0.3683115,1.4976213,1.1365349,-0.66545206,-0.25497034,1.8733946,1.0528051,-0.3291147,-0.12734343,0.20998701,0.6121037,0.4188115,0.058487717,-0.4892953,1.0065079,1.3177218,-0.46774647,-0.2999047,-1.7257487,-1.4199861,1.0234681,0.23820664,-0.53303236,-0.49820027,0.015973318,-0.1394286,-0.6011488,-1.7226593,-0.2008216,-0.05832382,0.2609933,0.62655926,-0.17128618,0.11006067,1.9915967,0.0691328,-0.61765176,1.3801461,-0.37661368,0.734666,-0.63711154,1.810384,-0.6448448,-0.33340776,-0.8240245,0.34359273,-0.2891428
0.3066507,0.6536998,0.15658218,1.3013467,1.5080032,-1.6385883,-0.6876357,1.0987483,2.2936594,-0.4025787,-0.12726198,0.7342639,0.57831305,-1.358032,0.40491635,-0.9289122,-0.41989708,0.4418577,1.0331404,1.7396,0.78968596,0.014958454,-0.7565304,1.9280694,0.8533941,1.1010393,0.8063233,3.3306856,0.9563353,-0.6337817,0.5803121,1.4751065,0.8619144,1.9756856,-1.6930249,0.11670122,-0.29607475,-1.1183368,0.774573,0.29835382,-0.10766403,0.7797973,-0.29894155,-0.909926,0.71905446,1.210743,-1.4070995,1.3121343,1.9557344,-0.21289285,-0.045399982,0.63234466,0.105001986,1.8222901,-0.7284678,-0.56508785,-2.5735433,0.14803919,-0.5313999,-1.32262
-2.5626452,-0.55120003,-0.7765761,-1.4318694,-1.1748658,-0.46334007,-0.15670735,-2.121827,-0.352074,-0.4547111,-0.9273835,-2.6247826,-0.35547227,0.21698712,-0.09538468,0.4680469,1.3568438,-0.39619872,-0.2608423,-0.5812095,0.4366959,0.55359536,0.5257968,-0.3263403,0.39474332,3.141023,-1.1903434,1.3318954,-1.047196,-0.27523538,-1.058804,-0.4254605,2.0602813,-0.10322575,0.094940044,-0.8766079,0.011008724,-1.2953371,1.3716981,0.45503008,0.11203223,0.21642777,-0.47378007,0.19987586,-0.8873752,-1.2608023,-0.3661675,1.9185706,-1.4504355,-1.2511878,1.8394796,-0.9821244,-1.7409477,0.37902522,-0.000732391,1.3202239,1.2827611,0.1667476,0.39786452,0.750715
-1.7285178,-1.4320853,-0.5726131,0.80230755,2.3280928,-0.06840655,0.44641873,1.1988225,0.015049085,-0.5112507,-0.06522513,-0.113930576,0.6207023,1.6746682,0.5468139,-0.4989937,0.48827595,0.8082725,-2.1182008,-0.5523861,-0.26289845,-0.4552794,0.104975484,-0.5855776,-2.9623892,-0.17278197,-0.50957817,-0.33210638,-0.6033746,-0.59336585,-0.33454365,0.051031787,1.6646295,1.0849726,-0.6546075,0.3329438,-0.6038697,-0.62182343,-0.7762814,-0.15562212,-0.082304746,-0.54823107,-0.7775323,-1.3054355,0.24968241,-0.9187913,0.23738004,1.5939287,-0.66280115,0.6071559,-0.57837754,-1.1646451,-1.467932,-0.4781842,-0.4459101,0.9214897,-0.8686782,-1.6872617,0.03748144,0.54456663
0.2573486,-1.20665,-0.79013497,-0.5646908,-0.7804757,1.2498404,-1.2509212,-1.2338643,0.18883438,1.1542673,-1.42182,-0.20636068,0.3716579,-0.38160118,-0.43568844,0.22313662,1.7447066,0.9404259,-0.3924108,-0.22156245,0.58539844,-0.16131984,-1.5760617,-0.21491933,1.4731985,0.5275014,-0.29970646,0.7285416,-0.5598559,-1.0122733,-0.5283685,-0.53601557,-1.0279274,-1.9323758,1.2756691,-0.16472581,-0.93231064,-1.1384274,-1.2561046,1.767899,-0.5074203,-0.6777887,-0.7523087,1.4910083,-0.34728763,0.021604527,-0.3352663,0.044333827,1.0635774,-0.43025526,0.13803063,0.56515086,1.0660585,-1.0917861,0.47346994,-0.6347094,1.5533524,0.9851721,1.4095314,0.46387458
-0.48281357,0.82126516,-0.16430876,1.6175307,-0.10472148,0.3639619,0.7511207,0.6641233,-1.214635,-0.45350608,-1.2715392,-0.021364162,0.6635018,1.0218189,1.2980343,-1.0758808,0.19673099,0.46286643,0.24856219,-1.3524957,0.4188401,-0.25008893,-0.9051489,0.048182756,-0.86080724,-1.3725291,0.10649813,-2.0855196,-0.04579851,-0.6221233,-0.37300548,1.6449956,-1.2236736,-0.13064961,-0.08442388,-0.66549426,-0.54292965,-1.7857214,-1.0293462,0.7690352,0.2993009,0.8085206,-1.2539011,0.3785809,0.44622818,1.5904038,0.24210733,-0.17672639,0.5199316,0.9086832,0.74671394,0.02573812,0.8885044,0.73640084,-0.22465579,-1.4217343,-1.5540447,-0.45749477,1.0836183,1.2913144
0.8830994,-1.5139573,1.0117233,-0.049389914,-0.5201559,0.38517964,0.19598454,-0.3859185,-0.43530837,-1.4218807,0.6324111,1.0983814,0.78631836,0.64312845,1.6077827,2.3226862,-0.65912837,-0.9992495,-0.16816798,1.2235249,-1.2745063,0.37491688,-0.3872156,0.31734803,-1.0804273,-0.5665037,0.20787668,0.27530017,-0.0044616023,1.2028073,-1.0987005,-0.6829225,-0.0353504,-0.457393,-0.07086197,0.28645405,0.61637574,1.4049025,-2.0388954,-1.7042472,1.3787807,-0.5324316,1.4704428,0.8832715,0.7704629,-0.5643168,0.4644602,0.26252544,1.5170105,-0.94822484,-1.2379487,0.26753455,-1.1067964,1.7452025,0.31642607,1.2928333,0.6812979,-0.67228013,-0.010845283,0.9483513
-1.8526429,0.5800505,1.3184665,-0.33469605,0.16103664,-0.3212441,-0.46761745,0.466924,-1.2184638,-1.4584858,-0.5387392,-0.61977285,0.9285272,-0.57187706,-0.38052112,0.54568905,1.0522511,0.40763834,-0.14727671,0.4597147,0.36464188,1.1055967,-1.2967589,0.18819265,-0.50105304,0.22325073,0.09159865,-0.1077944,0.41682982,-0.9892876,-0.714828,0.65221953,0.2442154,0.27082163,-0.50789905,-0.5529301,0.119130336,0.77821976,1.2511456,1.0445073,0.63872725,-0.98416185,1.4854305,1.80914,-0.22790003,-2.9882612,0.3794068,-1.0102568,-0.7325902,0.9111799,-1.9444069,0.6416561,-1.3870105,-1.5259825,-1.2519631,-0.6407776,0.19394498,0.7703693,-0.85038686,0.5161338
0.5066352,-0.5500282,-0.8974191,0.77189595,1.3068075,0.17477025,-2.160652,2.4464862,0.13558744,-0.12073574,0.7887936,-0.10037511,-0.31537777,1.4279561,-1.0484483,0.009574349,0.8056549,-2.6927598,-0.36632138,-0.32216784,1.7865955,0.5764747,-0.16245624,-0.4047238,-0.16585891,0.48343274,-0.318655,-1.0528443,0.8938981,0.5987118,-1.6400305,-0.46527392,3.5095813,-0.9487392,0.76474404,-1.3367014,-1.1220405,-0.49287862,0.4355379,0.4026961,-0.783263,1.2599834,-0.5976654,-2.2739425,1.1111053,1.1092094,0.8387814,1.1570668,-0.5485417,1.4230853,-1.2369677,-0.24262443,0.029826326,-0.55305713,1.4969052,1.7532308,-1.1254318,1.7936559,2.0615757,0.54871887
-0.58377135,1.6068753,1.0089406,0.8236733,-0.746778,0.71658254,0.08363078,0.64017785,0.0666641,0.9525926,-0.43258795,2.157391,-1.3277751,-1.2549734,1.5293527,1.2168844,0.9264293,-0.7184961,-0.048214123,-0.7635156,0.4606501,1.2793787,0.4316634,1.0072303,-0.75948155,-0.076778665,1.016827,-2.6561716,-1.5604374,0.015063984,0.643051,-1.7442319,0.4029385,-0.0232949,-0.7585024,0.6387493,0.52794886,-0.010194396,-1.141469,0.06941697,-0.09492389,0.9009361,0.5455757,-0.09929808,-0.7542592,0.7834724,0.2190635,-0.6109369,-0.20994444,0.6990183,-2.158759,-0.07683121,1.6774335,1.2583888,0.16907951,-4.585092,1.1885122,-0.81597215,0.938752,0.23397729
1.6145102,0.100942016,-0.63306546,0.3277863,-1.6638583,0.714427,-1.1220645,0.7293574,-0.5127648,-0.019439412,0.57821643,-0.6119963,0.62404853,-0.06748108,0.012290926,-0.5362835,0.006551997,1.3135374,0.62153035,1.2905035,-1.0745583,2.513747,-1.7307104,-0.013396962,-2.806193,0.072740994,-0.40560895,-0.04874754,0.24319877,0.7794275,1.094459,-0.49628478,-1.5474474,0.75998366,0.9784255,-0.18073295,-0.034142833,-1.1040899,-0.23367216,-0.18514864,0.5245269,-0.21079694,-0.26258862,0.77015406,-0.7491892,1.3677417,1.8338661,-0.003769229,0.36955485,-0.4744445,0.1918817,-0.6560095,0.0019513655,0.46040305,0.91297954,-0.15543959,-1.3484778,-0.56545347,-0.5951586,-0.54506946
-0.96217555,0.89844185,1.4008297,-0.07910488,1.8960406,1.1487793,0.46882778,-1.5059625,0.8974388,-1.0260124,-0.79474884,-0.010214894,0.6910024,-0.053890165,0.062463865,1.0930895,2.0000691,1.1851325,0.49863017,-0.60778236,1.5395579,1.5036695,-1.0960753,-0.17035367,-0.51258564,-0.2652925,-1.1967337,-0.84147626,-1.3954769,0.73254246,1.6347126,-0.77964103,0.4840279,2.5028384,-0.2136629,-0.27350584,1.2763716,0.2467923,0.5039225,1.3157508,-0.27955022,-1.2118483,1.6821578,0.29137602,0.75961214,-0.7471849,0.29319492,0.56549144,-0.7616198,-0.59308887,0.87714875,0.2411102,-0.23557375,-1.3204484,-1.5758959,0.5959741,-0.25983444,-0.44843107,-1.8428832,-0.47141078
-0.030619351,0.5256493,0.1109716,0.6842814,-0.9995304,-1.5176438,-0.8424882,0.1826608,0.0152200125,0.13034345,-0.26640132,-0.257683,-1.0619966,0.474358,0.4719669,0.18682894,-0.4579769,0.7900145,-1.3764491,0.47501296,-0.658861,-0.6191836,-2.975472,1.1979566,0.33290526,0.49872038,-0.11576303,1.1323708,0.23199734,-1.0676689,-1.585734,-0.09459717,0.032518703,1.7006676,-0.13425693,-1.2433052,0.31317276,0.1617516,-1.1109564,1.0268143,-0.55905235,0.7228293,-0.20713331,-0.0037868915,-0.45133469,0.025714554,-0.59955335,-0.4339486,-0.15693957,0.3055526,0.5776312,1.3150136,-1.2153885,1.3383507,0.36171696,-1.3294276,0.027557865,2.1175902,-0.98823893,1.341797
-0.4378812,0.90085465,-0.16096888,0.6364479,0.12759596,1.1403072,-1.6588154,0.52322227,-0.7533507,0.7877427,-1.2313806,-0.5678899,-0.721252,-0.2504355,-2.130158,-1.0655651,-0.4066876,-0.22054778,-1.8892075,0.58444357,-0.66833705,-0.46890205,-1.5136021,1.3571365,-1.4040679,0.20495926,1.7459066,-1.3856182,-1.6121151,0.14384921,1.8667606,-1.6131141,1.4067984,-1.8117825,0.78256565,1.1500216,-1.0782869,0.59559244,0.32697874,-0.0125450855,0.5651224,2.3757422,-0.35241228,-3.320047,-1.9688014,-0.34538937,-1.3089672,0.05738141,-0.5681826,-0.2785495,-0.38318425,-1.8355165,-0.91447264,0.53533375,1.1504766,1.230484,-1.4907123,0.08889074,-0.21539886,-1.687468
1.7531898,1.902265,-1.8755897,-1.2876911,-1.0241811,0.51363486,-1.4306713,0.3551224,-0.61378473,-0.2126136,0.86934817,0.13356073,0.46376786,-0.69392604,0.7863385,-1.440304,-0.22740045,0.5880817,-0.42408168,0.7646741,-0.44461063,-0.87302583,-0.3306428,-1.1877359,-0.5787305,-1.3455497,-0.47575212,1.0967768,0.009599782,0.019859247,-0.434331,-0.043829456,0.051887754,0.3886537,0.12404824,0.70717347,-0.45852703,0.06924887,0.7619863,1.8372023,0.4402629,-0.10177731,-1.013057,0.07719133,0.1928043,1.8875514,0.7301567,0.32069838,-0.12744987,-0.95220095,0.6060525,1.8343372,-1.3211962,-1.0066184,-1.1028274,-1.420385,-1.2128521,-0.47745192,-0.09861504,0.4379658
0.5868792,0.2625974,-0.73527676,-0.44865385,-0.06227025,-1.5270486,-0.067503534,0.31523335,-0.6210638,0.550392,0.29346654,-0.74973035,0.068188965,-1.2126983,1.4976637,1.059681,-0.31388053,-0.008236037,-1.8790038,-0.6621955,0.53798276,-1.0263594,-1.2729633,1.3393987,-1.4869016,0.35480896,-0.6947689,0.8785215,1.1300567,-0.8583748,-0.16871847,-0.23173946,-0.64088553,0.19741137,1.4373028,0.74436015,0.0075705023,1.260026,0.15621425,0.759094,0.631082,0.14703475,0.1578881,0.98553544,0.8118253,0.07892324,-0.6444501,-2.9428234,1.877411,-0.052778658,-1.1471516,0.56092596,1.0534761,-0.16033979,-1.4336485,0.6574971,-0.028268658,-1.0653006,-0.9799733,-0.08020208
-1.3819684,1.594042,-0.62497395,-0.17563283,-0.07261346,-0.31860983,-1.2910395,-0.7801832,-0.87993896,-0.30092645,-0.78847003,1.4745272,0.5685129,0.4989987,-0.38060835,-0.60065347,1.0775788,0.6098574,-0.6061002,1.4464948,-0.38151285,-0.58001846,-0.402645,0.58989966,0.5802812,-1.3986948,-0.99041,-0.1168897,0.3976326,0.66582346,0.44024453,0.88064533,-1.2081614,1.4602132,0.25239024,0.83599967,1.0175406,-1.1514628,0.3204824,-0.500447,-0.78726584,-0.12126556,1.0464494,0.855891,-0.39495936,-1.1376481,0.21319461,-1.8357806,-1.0138326,-3.4004722,-0.53506154,-2.1844475,-0.28561828,-1.5096023,-2.2312636,0.71331525,-0.43528157,-0.5119081,1.0655242,0.47137314
0.28721228,-0.9032482,1.2227442,0.8805564,0.06757159,-1.4888891,-0.7747169,-1.9971642,-1.7337843,-0.3221236,-1.4407933,0.24327344,-0.9245183,-1.3006082,2.0626733,0.92239004,-0.03145744,-0.39483792,0.46289858,-0.34419534,-1.4967045,1.5709119,0.9507558,1.3239342,-0.57851374,1.2386467,0.84772563,0.87762207,1.1156386,-0.21440665,1.6364833,-1.8914462,0.23631795,-2.2426941,-1.5672266,-0.7179918,0.9417106,-0.47881502,-1.3307765,1.292418,0.12128069,0.78840685,-1.122921,-1.2266455,1.1741804,-1.1863602,0.18542658,0.58318424,-1.1605433,0.55426675,-1.0330691,0.040669724,0.7347258,-0.6305393,1.2585856,2.4379957,-0.7176432,-1.0890071,-0.59181195,-1.2778927
-1.5046532,1.2690295,-0.79872066,0.117517285,2.1257093,-1.4899535,-0.042261682,0.8237382,0.47527975,-0.82605666,0.32796672,0.9045108,0.048958857,0.8084998,1.8695925,-0.5268412,-0.6505198,1.5345647,-0.6324504,-2.4803634,0.7615503,0.09282195,0.30984977,1.3475723,-0.42438835,-0.74685127,2.3376923,0.667977,-0.6151177,0.5632191,-0.6738114,-0.91382515,-1.5491614,0.67629504,-0.6615234,1.8909106,0.8439953,-0.0065589705,0.6394191,-0.911738,0.6745865,2.372058,-0.59171015,-0.62359446,0.42483178,-0.853771,0.83183646,-0.41765743,-0.18214564,0.22575176,2.166857,-1.643621,-0.31387517,0.6607867,-0.9391518,0.2326539,-0.288951,1.3879346,-0.4798937,0.52356976
1.690917,0.2166738,0.23848538,0.26039335,1.1222854,0.67371136,0.45635077,1.3462541,1.4907054,-0.37712458,-0.67222494,1.4533876,-2.434632,-1.3389974,0.9008314,-0.47927234,-0.53098255,-0.20266557,0.33232126,-1.216793,0.14921804,-1.7783802,-1.5028322,0.565709,0.48059344,1.3857876,0.6048509,-0.62080115,0.2080706,-0.29082906,0.8626959,-0.30871412,-0.033846345,0.7110899,-0.7729503,-1.6141946,-0.74051136,0.8693784,-0.43962508,-0.98736775,1.1835988,-0.29758137,-0.27065295,1.6972327,0.9027576,-0.16315536,0.70882446,0.53508633,-0.12518407,0.12812276,-0.0744194,0.10658599,0.98745334,-0.0202082,-0.075706735,1.3731765,0.4734405,1.6197206,1.4263366,0.8563832
-0.30074507,1.0752716,-0.01362704,-1.9315865,-0.8888588,-0.35646385,-1.1824362,0.77026886,0.38834813,1.016984,-0.18979402,0.68067867,0.271226,-1.4193568,0.6167825,0.011451341,0.057262342,-1.2270963,0.9171597,0.9797552,1.8186032,-1.010649,0.73391247,-1.6071869,-0.85450065,0.45106435,0.12925431,-1.0575099,0.47602183,-0.52646655,-0.24873997,-0.34317455,0.16767752,-0.7427102,0.050312668,-1.0827904,1.3674502,-0.17601237,0.89912105,-0.4396997,0.5657894,-1.1449605,-0.5632,0.29921412,-1.219007,1.149659,0.8482756,-0.5401143,-1.3097239,0.9631724,-1.8601968,0.25886345,-2.4328322,0.015482163,1.7269022,0.8037095,0.012577311,-0.826386,0.007551122,0.20086204
-0.9652859,-1.1576532,0.64240456,0.6567176,-1.3230706,-0.14808957,0.62764037,-0.9527539,-2.5660038,-0.08876715,0.42579293,0.6704793,-0.66809005,-0.25697973,0.16146156,-0.63911366,0.35703757,0.8071848,-0.25307104,0.9444015,-0.7348363,-0.43498626,2.1567392,-0.13325523,-0.44345367,0.8734754,-0.7310432,-1.4108288,0.5534486,0.28401124,2.4086893,-1.2220111,-1.1890614,1.4963406,0.6089627,-0.36272675,-0.37089494,2.0991666,-0.23760626,-0.55894727,0.21252926,-0.028870491,0.22112764,1.113052,1.7179573,0.03827262,-0.17607942,1.5655185,2.7222946,0.21655211,0.7147853,2.1118762,0.68827784,-0.819237,-1.3677803,1.0382427,1.7318317,0.62042797,0.213767,0.35307717
0.08608812,1.4155416,0.5944112,0.78139734,-0.21355616,-0.68463165,-1.4173832,1.1279052,-0.9359719,-0.9646272,-0.26143342,-2.2865803,-1.5052857,0.0057828557,0.039204374,-1.420576,-0.95634145,2.180294,0.7747749,-1.1439779,-0.95612144,0.13284926,-0.06787563,-1.2788992,0.19694573,0.23548238,0.45957223,0.13721943,-1.1764469,-0.5317179,-0.11560648,-0.6741347,0.65413797,0.54597634,-0.06086886,0.3846324,1.305031,-0.89253986,-0.80841124,-0.19585359,1.0509881,-0.050396565,0.43960387,0.14615022,1.0002451,-3.4261732,0.26031145,0.23698613,0.7611662,0.08096075,0.6305106,1.5875982,-0.25317913,-0.3662597,0.82666254,-1.1710142,0.09459021,-0.9279472,1.0028994,-2.0783575
1.0333425,-0.22430299,-0.91525453,-0.6047249,-0.89675224,0.919326,0.2379767,-1.076896,0.3548083,1.3352783,-0.28727022,-0.51288426,-1.4513407,-0.026266497,-0.655488,-2.5374203,-0.54071915,-1.4703593,-1.6250396,-0.13951322,1.1700063,-1.0270402,-0.37966308,-0.13807397,-0.21509656,-0.30785212,-1.0342051,-0.92034835,0.4692257,0.4660392,1.6671574,0.45897037,0.15226841,0.5680499,-0.29213715,1.1105326,0.3792881,-1.1640855,-0.43058613,0.9289826,-0.45313212,-0.32833698,1.7189745,-0.8481963,0.40929806,0.406844,0.7185711,0.11874965,1.0556314,0.1411581,-1.7739547,-0.30607012,2.1909785,0.3641267,1.6351538,0.08337279,-0.931207,0.8052725,-1.7930936,0.96270895
-0.040817738,-1.008572,0.02964072,-0.09784364,0.15186857,-1.3219553,-0.5730383,1.7823448,0.76257247,-2.2482302,-0.598048,0.34656334,-1.3359997,1.0364851,0.40342957,0.81162876,0.2483188,1.1736383,0.8242799,0.15572675,0.59994346,0.065411955,1.2625984,-0.05013937,-2.4939098,-0.45657873,-0.96771926,-0.866516,0.03287757,-0.12887359,-0.2431123,-0.54052466,1.0467021,0.40286013,-0.40768692,1.1535499,-1.0847565,0.9179387,-0.23517725,-2.3063147,0.7373435,1.6073381,1.0095025,-0.16152859,-0.7762902,0.2164166,0.28649235,-0.702179,-1.2059239,-0.3161187,0.8488698,1.8398141,1.4673415,-0.019264612,-1.1452042,0.31591007,0.831839,-1.5797638,-0.439178,0.6079147
0.97512716,-1.6591423,0.35801756,0.33033738,1.1035999,-0.10506732,0.2810015,0.95650077,-0.99740714,-0.20172413,0.5883229,1.4471576,-0.58612734,-0.38015747,0.55090964,-1.1510901,-1.0932904,-1.7485169,-1.4729564,-0.27721402,0.7997151,0.33135366,0.41327974,-0.19729477,0.034469422,0.46879163,-2.439766,0.4871778,1.0012664,-1.0088859,0.6070543,-0.29608878,0.52819353,0.23003179,1.3793877,-2.3539655,0.263577,0.7629133,-0.60824573,-1.2107947,-0.6883186,0.5624495,0.19385938,-1.1270618,0.0833363,0.2817095,0.75743544,-2.0182638,1.0087736,-0.7089585,0.92212826,0.46293083,0.48016992,-1.6867695,0.44505933,1.0840361,0.5833998,0.3758589,1.2131063,-0.8948009
0.2562595,-0.4055936,-0.61429244,1.5498166,-0.7472234,-0.44161052,-0.24624306,-0.15787199,0.21281792,1.082155,-0.6277872,1.0594279,-0.758924,-1.4779336,0.46338603,1.8409481,0.6243753,0.24101202,-0.7860072,0.969226,0.32476938,0.6034671,-0.69400644,-0.4526543,0.8527245,0.9656052,-0.7115167,-0.67210954,-0.8010645,-2.0526206,-0.32015428,0.8180046,-1.4210731,0.59197456,2.9403114,1.3721309,-0.27875778,0.706245,0.5138546,0.008219327,-0.5930231,2.0563836,-1.7504299,0.6386898,1.0720657,1.3378321,0.246426,1.2481712,-2.0432954,-0.66136205,0.8843298,0.97064316,-0.47788,0.29285118,-0.7211921,0.84038925,0.4217774,-1.970513,-0.12722895,-1.9999952
-0.8532137,0.56829953,-0.35882175,1.0715067,1.190935,-0.09756565,-0.80598074,0.7589603,1.0117056,-0.79637516,0.64234304,2.17148,-0.4296969,-0.8234341,-0.87148273,-0.52879244,1.3002421,0.017154882,-0.9296835,-0.751351,-0.7105743,0.088139005,-1.3916506,0.19745459,0.055546593,-1.4289453,-1.0866377,-0.3734823,0.20081726,-1.1994108,0.19766788,0.6145011,-1.2252288,-0.4173708,-0.08571741,0.512727,-0.6779714,0.14398053,-0.28414866,0.17313956,0.70575,-0.38172695,0.45104337,-0.32835588,1.874656,-0.51645154,-1.5430104,-1.6323254,0.47526595,1.2389871,-0.068571575,-0.7381369,-0.6532328,1.7424711,1.0675818,0.715885,1.2014552,0.38693103,0.6350419,-1.28083
0.3729913,-1.3894722,-0.47505224,1.2306772,-1.097637,0.27623743,0.51952785,-0.17421564,-2.921516,0.8859468,-0.8993202,-1.2039227,0.09674242,0.23720296,-0.28499663,0.9914366,1.0419414,0.5764699,-1.1984599,0.68488264,0.18747012,-0.33191696,1.0741453,0.7467394,-1.4078553,-1.058249,-0.467958,1.7902181,1.3302634,1.7686378,0.018764362,-0.58276075,-0.97311854,-0.0014571586,0.89794976,-0.98238164,1.1927762,-1.311368,0.3556673,1.0209138,-0.30819952,-0.23925053,0.67934334,0.0038842782,-1.0935712,-1.4110802,1.3377646,1.0041473,0.6769212,0.8865292,-0.076867916,0.44712368,-0.4448194,0.7337708,-0.39882037,0.7016499,-0.38771296,-0.3653904,-1.6113435,-0.2928372
-1.2151921,-1.2364607,0.46068093,-0.5048965,0.7134487,-0.867509,-0.072297685,-1.1773078,0.7923049,-1.3579084,-1.155365,-0.70805866,-0.5943948,0.82774967,-0.6492875,1.9094262,-1.1317785,-0.40002796,0.3157009,-0.9526758,0.70021504,0.9771675,-1.4831153,0.86010796,0.3201118,0.65016085,0.7683254,-2.8562992,-0.5933775,0.11239086,0.15278779,0.6380679,0.4631108,0.34419036,1.1158228,0.9383504,0.98801637,-0.050261643,-1.7162118,-0.31021586,-0.58166337,1.45195,0.61342305,-1.0652866,-1.1047903,0.07560625,0.7679123,-0.44704735,-1.2860634,0.08696668,1.8383654,-0.6023283,-0.007877828,0.40703443,0.32847798,-0.82301205,1.0256923,0.30854118,-1.0414261,-1.2030704
